Entity,Code,Year,Annual CO₂ emissions
Asia,,1970,2696906000
Asia,,1971,2952501200
Asia,,1972,3128200700
Asia,,1973,3350604300
Asia,,1974,3410210600
Asia,,1975,3576883000
Asia,,1976,3802953500
Asia,,1977,4047529700
Asia,,1978,4229859300
Asia,,1979,4404124000
Asia,,1980,4398616000
Asia,,1981,4372236300
Asia,,1982,4516320000
Asia,,1983,4697412000
Asia,,1984,4971183000
Asia,,1985,5260702700
Asia,,1986,5486270500
Asia,,1987,5722182000
Asia,,1988,6182026000
Asia,,1989,6396979000
Asia,,1990,6582485000
Asia,,1991,7373495300
Asia,,1992,7206709000
Asia,,1993,7533513000
Asia,,1994,7885157000
Asia,,1995,8256111600
Asia,,1996,8596898000
Asia,,1997,8721443000
Asia,,1998,8473977000
Asia,,1999,8965377000
Asia,,2000,9330988000
Asia,,2001,9518093000
Asia,,2002,10033991000
Asia,,2003,11036212000
Asia,,2004,11688358000
Asia,,2005,12547687000
Asia,,2006,13390618000
Asia,,2007,14118133000
Asia,,2008,14843059000
Asia,,2009,15377569000
Asia,,2010,16536467000
Asia,,2011,17768819000
Asia,,2012,18438480000
Asia,,2013,18685477000
Asia,,2014,18961437000
Asia,,2015,19070407000
Asia,,2016,19202404000
Asia,,2017,19775838000
Asia,,2018,20366350000
Asia,,2019,20926585000
Asia,,2020,20691950000
Asia,,2021,21520503000
Asia,,2022,22237813000
Asia,,2023,22997092000
Asia,,2024,23392487000
Australia,AUS,1970,147862780
Australia,AUS,1971,151117890
Australia,AUS,1972,153598260
Australia,AUS,1973,170141920
Australia,AUS,1974,166182740
Australia,AUS,1975,173101520
Australia,AUS,1976,169803060
Australia,AUS,1977,181912910
Australia,AUS,1978,191051580
Australia,AUS,1979,192321940
Australia,AUS,1980,204370200
Australia,AUS,1981,213809920
Australia,AUS,1982,218000900
Australia,AUS,1983,207645390
Australia,AUS,1984,217514610
Australia,AUS,1985,224557460
Australia,AUS,1986,224040290
Australia,AUS,1987,234598320
Australia,AUS,1988,240737040
Australia,AUS,1989,256838110
Australia,AUS,1990,278061000
Australia,AUS,1991,279437380
Australia,AUS,1992,284433440
Australia,AUS,1993,288780400
Australia,AUS,1994,293613280
Australia,AUS,1995,304962300
Australia,AUS,1996,311850880
Australia,AUS,1997,320242530
Australia,AUS,1998,334037800
Australia,AUS,1999,343876200
Australia,AUS,2000,349897630
Australia,AUS,2001,357667780
Australia,AUS,2002,362424930
Australia,AUS,2003,370784420
Australia,AUS,2004,382004900
Australia,AUS,2005,385081500
Australia,AUS,2006,391372540
Australia,AUS,2007,398896260
Australia,AUS,2008,404279300
Australia,AUS,2009,406977100
Australia,AUS,2010,405025950
Australia,AUS,2011,403874400
Australia,AUS,2012,405005120
Australia,AUS,2013,397849900
Australia,AUS,2014,392609600
Australia,AUS,2015,400589200
Australia,AUS,2016,409666340
Australia,AUS,2017,413407840
Australia,AUS,2018,414780580
Australia,AUS,2019,414925300
Australia,AUS,2020,398546900
Australia,AUS,2021,388472300
Australia,AUS,2022,384078430
Australia,AUS,2023,384316060
Australia,AUS,2024,386732380
Brazil,BRA,1970,93466984
Brazil,BRA,1971,102313960
Brazil,BRA,1972,113992010
Brazil,BRA,1973,132029210
Brazil,BRA,1974,142980540
Brazil,BRA,1975,150287150
Brazil,BRA,1976,154561870
Brazil,BRA,1977,162313580
Brazil,BRA,1978,177060600
Brazil,BRA,1979,187727740
Brazil,BRA,1980,186127380
Brazil,BRA,1981,171261920
Brazil,BRA,1982,171439150
Brazil,BRA,1983,165851310
Brazil,BRA,1984,167524240
Brazil,BRA,1985,180064830
Brazil,BRA,1986,197183400
Brazil,BRA,1987,205911790
Brazil,BRA,1988,207640260
Brazil,BRA,1989,212015970
Brazil,BRA,1990,218657680
Brazil,BRA,1991,229393580
Brazil,BRA,1992,233600860
Brazil,BRA,1993,244305540
Brazil,BRA,1994,254002260
Brazil,BRA,1995,268677540
Brazil,BRA,1996,289310900
Brazil,BRA,1997,306949060
Brazil,BRA,1998,317359420
Brazil,BRA,1999,327255650
Brazil,BRA,2000,340182820
Brazil,BRA,2001,346165730
Brazil,BRA,2002,347764960
Brazil,BRA,2003,344644930
Brazil,BRA,2004,361434020
Brazil,BRA,2005,364370560
Brazil,BRA,2006,368870940
Brazil,BRA,2007,390573440
Brazil,BRA,2008,412637860
Brazil,BRA,2009,389775330
Brazil,BRA,2010,440269060
Brazil,BRA,2011,461911330
Brazil,BRA,2012,497468200
Brazil,BRA,2013,531568830
Brazil,BRA,2014,556525500
Brazil,BRA,2015,528173540
Brazil,BRA,2016,491744830
Brazil,BRA,2017,497254560
Brazil,BRA,2018,476600540
Brazil,BRA,2019,476723740
Brazil,BRA,2020,447999400
Brazil,BRA,2021,496562000
Brazil,BRA,2022,480058300
Brazil,BRA,2023,483991940
Brazil,BRA,2024,483011550
China,CHN,1970,807963650
China,CHN,1971,909209860
China,CHN,1972,968635800
China,CHN,1973,1008268600
China,CHN,1974,1028063500
China,CHN,1975,1183153500
China,CHN,1976,1226339500
China,CHN,1977,1340715300
China,CHN,1978,1492517500
China,CHN,1979,1525417300
China,CHN,1980,1494297900
China,CHN,1981,1476280000
China,CHN,1982,1606239100
China,CHN,1983,1693746700
China,CHN,1984,1844212700
China,CHN,1985,1997193300
China,CHN,1986,2103429900
China,CHN,1987,2256629500
China,CHN,1988,2424444200
China,CHN,1989,2462150000
China,CHN,1990,2483534300
China,CHN,1991,2619143400
China,CHN,1992,2731290400
China,CHN,1993,2914284500
China,CHN,1994,3093890800
China,CHN,1995,3351197200
China,CHN,1996,3499310600
China,CHN,1997,3512350000
China,CHN,1998,3355336000
China,CHN,1999,3549949000
China,CHN,2000,3643809500
China,CHN,2001,3724114200
China,CHN,2002,4098180600
China,CHN,2003,4835251700
China,CHN,2004,5210961400
China,CHN,2005,5881990700
China,CHN,2006,6486184400
China,CHN,2007,6974663000
China,CHN,2008,7492404000
China,CHN,2009,7881491000
China,CHN,2010,8610048000
China,CHN,2011,9520154000
China,CHN,2012,9767310000
China,CHN,2013,9942371000
China,CHN,2014,9976027000
China,CHN,2015,9858040000
China,CHN,2016,9748175000
China,CHN,2017,10000013000
China,CHN,2018,10346790000
China,CHN,2019,10713515000
China,CHN,2020,10896520000
China,CHN,2021,11284401000
China,CHN,2022,11711807000
China,CHN,2023,12172008000
China,CHN,2024,12289037000
France,FRA,1970,463946460
France,FRA,1971,497045800
France,FRA,1972,517593100
France,FRA,1973,542646300
France,FRA,1974,524736700
France,FRA,1975,486023100
France,FRA,1976,527371840
France,FRA,1977,511269060
France,FRA,1978,532682500
France,FRA,1979,536053000
France,FRA,1980,514509470
France,FRA,1981,462596380
France,FRA,1982,443395520
France,FRA,1983,426039200
France,FRA,1984,414655870
France,FRA,1985,407801860
France,FRA,1986,392871740
France,FRA,1987,390134660
France,FRA,1988,387601180
France,FRA,1989,401469220
France,FRA,1990,394904320
France,FRA,1991,419118720
France,FRA,1992,408433000
France,FRA,1993,388889700
France,FRA,1994,381903100
France,FRA,1995,386958820
France,FRA,1996,403351940
France,FRA,1997,396023140
France,FRA,1998,414357000
France,FRA,1999,413070240
France,FRA,2000,407444640
France,FRA,2001,411591650
France,FRA,2002,407026600
France,FRA,2003,412989100
France,FRA,2004,414073000
France,FRA,2005,416342900
France,FRA,2006,406669020
France,FRA,2007,396461200
France,FRA,2008,389794300
France,FRA,2009,371404200
France,FRA,2010,377079400
France,FRA,2011,355126820
France,FRA,2012,358100260
France,FRA,2013,360013340
France,FRA,2014,327808770
France,FRA,2015,332131000
France,FRA,2016,335496400
France,FRA,2017,338368030
France,FRA,2018,323101730
France,FRA,2019,316320800
France,FRA,2020,281515500
France,FRA,2021,307271840
France,FRA,2022,295303800
France,FRA,2023,270262660
France,FRA,2024,264155620
Germany,DEU,1970,1025802500
Germany,DEU,1971,1037079230
Germany,DEU,1972,1041356400
Germany,DEU,1973,1085602800
Germany,DEU,1974,1062510850
Germany,DEU,1975,1002285760
Germany,DEU,1976,1090807700
Germany,DEU,1977,1052513300
Germany,DEU,1978,1079066600
Germany,DEU,1979,1117745500
Germany,DEU,1980,1099901200
Germany,DEU,1981,1048362200
Germany,DEU,1982,1015499600
Germany,DEU,1983,1011436300
Germany,DEU,1984,1033017500
Germany,DEU,1985,1043912800
Germany,DEU,1986,1047233800
Germany,DEU,1987,1032266940
Germany,DEU,1988,1028701630
Germany,DEU,1989,1008565250
Germany,DEU,1990,1054795900
Germany,DEU,1991,1016929540
Germany,DEU,1992,969464450
Germany,DEU,1993,959385860
Germany,DEU,1994,943227650
Germany,DEU,1995,939933600
Germany,DEU,1996,959690100
Germany,DEU,1997,931508100
Germany,DEU,1998,923498700
Germany,DEU,1999,895442050
Germany,DEU,2000,898975740
Germany,DEU,2001,915254800
Germany,DEU,2002,898834300
Germany,DEU,2003,894501100
Germany,DEU,2004,876569860
Germany,DEU,2005,867880500
Germany,DEU,2006,886434300
Germany,DEU,2007,846152960
Germany,DEU,2008,856642500
Germany,DEU,2009,789983940
Germany,DEU,2010,826704700
Germany,DEU,2011,804541600
Germany,DEU,2012,814093000
Germany,DEU,2013,831745540
Germany,DEU,2014,792583600
Germany,DEU,2015,800822500
Germany,DEU,2016,797988300
Germany,DEU,2017,784595140
Germany,DEU,2018,758771400
Germany,DEU,2019,708648960
Germany,DEU,2020,647176800
Germany,DEU,2021,677997700
Germany,DEU,2022,667843000
Germany,DEU,2023,593766000
Germany,DEU,2024,572319170
India,IND,1970,181723860
India,IND,1971,191964860
India,IND,1972,203037040
India,IND,1973,209096030
India,IND,1974,215854050
India,IND,1975,234209710
India,IND,1976,244749840
India,IND,1977,258962060
India,IND,1978,263149940
India,IND,1979,276285000
India,IND,1980,291714430
India,IND,1981,314969280
India,IND,1982,325383070
India,IND,1983,352204860
India,IND,1984,361568800
India,IND,1985,397601120
India,IND,1986,426318050
India,IND,1987,455354720
India,IND,1988,491700100
India,IND,1989,540661900
India,IND,1990,577986560
India,IND,1991,615388160
India,IND,1992,655423550
India,IND,1993,677262100
India,IND,1994,714042800
India,IND,1995,760480200
India,IND,1996,823602200
India,IND,1997,857975740
India,IND,1998,875783360
India,IND,1999,961193860
India,IND,2000,987065100
India,IND,2001,1001198400
India,IND,2002,1032750340
India,IND,2003,1068397950
India,IND,2004,1134611000
India,IND,2005,1195393300
India,IND,2006,1293321500
India,IND,2007,1393485200
India,IND,2008,1490366500
India,IND,2009,1613327600
India,IND,2010,1678529500
India,IND,2011,1765694800
India,IND,2012,1926986400
India,IND,2013,1995337200
India,IND,2014,2148052000
India,IND,2015,2231817500
India,IND,2016,2352540200
India,IND,2017,2425721900
India,IND,2018,2595227100
India,IND,2019,2611174700
India,IND,2020,2422732000
India,IND,2021,2675778000
India,IND,2022,2831131600
India,IND,2023,3062756400
India,IND,2024,3193478100
Japan,JPN,1970,769747650
Japan,JPN,1971,799647100
Japan,JPN,1972,861053600
Japan,JPN,1973,914265900
Japan,JPN,1974,914306240
Japan,JPN,1975,869814900
Japan,JPN,1976,909575100
Japan,JPN,1977,935554000
Japan,JPN,1978,905087550
Japan,JPN,1979,957147100
Japan,JPN,1980,948551700
Japan,JPN,1981,930377400
Japan,JPN,1982,900724400
Japan,JPN,1983,884423800
Japan,JPN,1984,940541800
Japan,JPN,1985,915276160
Japan,JPN,1986,914048900
Japan,JPN,1987,902207500
Japan,JPN,1988,984698500
Japan,JPN,1989,1021297860
Japan,JPN,1990,1154853200
Japan,JPN,1991,1166552400
Japan,JPN,1992,1175454300
Japan,JPN,1993,1169328000
Japan,JPN,1994,1223158300
Japan,JPN,1995,1235873200
Japan,JPN,1996,1248690000
Japan,JPN,1997,1240980400
Japan,JPN,1998,1201334400
Japan,JPN,1999,1238121000
Japan,JPN,2000,1260203000
Japan,JPN,2001,1245935200
Japan,JPN,2002,1275420300
Japan,JPN,2003,1283845000
Japan,JPN,2004,1279121500
Japan,JPN,2005,1286412300
Japan,JPN,2006,1263440400
Japan,JPN,2007,1298973600
Japan,JPN,2008,1228686700
Japan,JPN,2009,1160252800
Japan,JPN,2010,1211090300
Japan,JPN,2011,1261180500
Japan,JPN,2012,1302112500
Japan,JPN,2013,1311875600
Japan,JPN,2014,1260272400
Japan,JPN,2015,1219982500
Japan,JPN,2016,1199932900
Japan,JPN,2017,1184391700
Japan,JPN,2018,1138549800
Japan,JPN,2019,1102063000
Japan,JPN,2020,1037284700
Japan,JPN,2021,1058501800
Japan,JPN,2022,1029644900
Japan,JPN,2023,986910140
Japan,JPN,2024,961867300
Russia,RUS,1970,1441378600
Russia,RUS,1971,1529596300
Russia,RUS,1972,1609329400
Russia,RUS,1973,1677295900
Russia,RUS,1974,1741161700
Russia,RUS,1975,1830213400
Russia,RUS,1976,1900700900
Russia,RUS,1977,1965350500
Russia,RUS,1978,2032849200
Russia,RUS,1979,2049708800
Russia,RUS,1980,2130355200
Russia,RUS,1981,2089791000
Russia,RUS,1982,2129189500
Russia,RUS,1983,2159389000
Russia,RUS,1984,2178563300
Russia,RUS,1985,2349517300
Russia,RUS,1986,2349904400
Russia,RUS,1987,2358795300
Russia,RUS,1988,2437800700
Russia,RUS,1989,2405696800
Russia,RUS,1990,2536283600
Russia,RUS,1991,2407641600
Russia,RUS,1992,1963458400
Russia,RUS,1993,1866524800
Russia,RUS,1994,1646876200
Russia,RUS,1995,1618286200
Russia,RUS,1996,1586632700
Russia,RUS,1997,1481963500
Russia,RUS,1998,1465858700
Russia,RUS,1999,1494087800
Russia,RUS,2000,1480576400
Russia,RUS,2001,1518081400
Russia,RUS,2002,1508329900
Russia,RUS,2003,1539006300
Russia,RUS,2004,1545353200
Russia,RUS,2005,1563980400
Russia,RUS,2006,1623428500
Russia,RUS,2007,1624315400
Russia,RUS,2008,1652731400
Russia,RUS,2009,1545236500
Russia,RUS,2010,1633147500
Russia,RUS,2011,1684989000
Russia,RUS,2012,1700104100
Russia,RUS,2013,1637547000
Russia,RUS,2014,1637311200
Russia,RUS,2015,1635243500
Russia,RUS,2016,1629328400
Russia,RUS,2017,1661012200
Russia,RUS,2018,1709909600
Russia,RUS,2019,1704458600
Russia,RUS,2020,1631901600
Russia,RUS,2021,1674524300
Russia,RUS,2022,1675460900
Russia,RUS,2023,1733134600
Russia,RUS,2024,1780524400
United Kingdom,GBR,1970,652584700
United Kingdom,GBR,1971,660395600
United Kingdom,GBR,1972,648033600
United Kingdom,GBR,1973,659584400
United Kingdom,GBR,1974,617187260
United Kingdom,GBR,1975,603254400
United Kingdom,GBR,1976,598533300
United Kingdom,GBR,1977,604369000
United Kingdom,GBR,1978,604728060
United Kingdom,GBR,1979,644509200
United Kingdom,GBR,1980,579039040
United Kingdom,GBR,1981,560547140
United Kingdom,GBR,1982,548229400
United Kingdom,GBR,1983,545474100
United Kingdom,GBR,1984,529097200
United Kingdom,GBR,1985,559634600
United Kingdom,GBR,1986,568568640
United Kingdom,GBR,1987,571649300
United Kingdom,GBR,1988,570279040
United Kingdom,GBR,1989,581561500
United Kingdom,GBR,1990,601945100
United Kingdom,GBR,1991,609412700
United Kingdom,GBR,1992,593845950
United Kingdom,GBR,1993,579612540
United Kingdom,GBR,1994,574016900
United Kingdom,GBR,1995,566158900
United Kingdom,GBR,1996,586760700
United Kingdom,GBR,1997,562708160
United Kingdom,GBR,1998,568543700
United Kingdom,GBR,1999,561649600
United Kingdom,GBR,2000,569033660
United Kingdom,GBR,2001,577970560
United Kingdom,GBR,2002,560273200
United Kingdom,GBR,2003,571618750
United Kingdom,GBR,2004,573429760
United Kingdom,GBR,2005,570338370
United Kingdom,GBR,2006,567845600
United Kingdom,GBR,2007,559566460
United Kingdom,GBR,2008,544932400
United Kingdom,GBR,2009,494107700
United Kingdom,GBR,2010,511904580
United Kingdom,GBR,2011,469713300
United Kingdom,GBR,2012,487476770
United Kingdom,GBR,2013,477611260
United Kingdom,GBR,2014,438807070
United Kingdom,GBR,2015,422460800
United Kingdom,GBR,2016,399430140
United Kingdom,GBR,2017,387367140
United Kingdom,GBR,2018,379729760
United Kingdom,GBR,2019,364753280
United Kingdom,GBR,2020,326263200
United Kingdom,GBR,2021,342365570
United Kingdom,GBR,2022,311118000
United Kingdom,GBR,2023,307826140
United Kingdom,GBR,2024,312905540
United States,USA,1970,4339704300
United States,USA,1971,4365483500
United States,USA,1972,4573033500
United States,USA,1973,4777725000
United States,USA,1974,4608462300
United States,USA,1975,4414455300
United States,USA,1976,4621539000
United States,USA,1977,4749501000
United States,USA,1978,4897339000
United States,USA,1979,4908766000
United States,USA,1980,4730218500
United States,USA,1981,4543633400
United States,USA,1982,4311918600
United States,USA,1983,4346381000
United States,USA,1984,4479379500
United States,USA,1985,4495378400
United States,USA,1986,4498135600
United States,USA,1987,4691930000
United States,USA,1988,4897776000
United States,USA,1989,4960237600
United States,USA,1990,5131760600
United States,USA,1991,5076412400
United States,USA,1992,5178769400
United States,USA,1993,5279520300
United States,USA,1994,5361863000
United States,USA,1995,5425837600
United States,USA,1996,5601094000
United States,USA,1997,5673144000
United States,USA,1998,5736360000
United States,USA,1999,5800281000
United States,USA,2000,6023158000
United States,USA,2001,5903562000
United States,USA,2002,5947819500
United States,USA,2003,6006440000
United States,USA,2004,6111545000
United States,USA,2005,6126903300
United States,USA,2006,6045326300
United States,USA,2007,6121542700
United States,USA,2008,5919221000
United States,USA,2009,5486104000
United States,USA,2010,5669250000
United States,USA,2011,5538973000
United States,USA,2012,5331467300
United States,USA,2013,5473436000
United States,USA,2014,5531385300
United States,USA,2015,5368496600
United States,USA,2016,5245361700
United States,USA,2017,5195417600
United States,USA,2018,5361236500
United States,USA,2019,5235912000
United States,USA,2020,4689954000
United States,USA,2021,5020111000
United States,USA,2022,5055403000
United States,USA,2023,4918406700
United States,USA,2024,4904120000
World,OWID_WRL,1970,14899139000
World,OWID_WRL,1971,15503863000
World,OWID_WRL,1972,16224580000
World,OWID_WRL,1973,17077285000
World,OWID_WRL,1974,16997913000
World,OWID_WRL,1975,16988476000
World,OWID_WRL,1976,17862492000
World,OWID_WRL,1977,18358039000
World,OWID_WRL,1978,19024742000
World,OWID_WRL,1979,19508590000
World,OWID_WRL,1980,19409793000
World,OWID_WRL,1981,18879756000
World,OWID_WRL,1982,18729742000
World,OWID_WRL,1983,18901776000
World,OWID_WRL,1984,19457250000
World,OWID_WRL,1985,20144863000
World,OWID_WRL,1986,20438045000
World,OWID_WRL,1987,21106190000
World,OWID_WRL,1988,21918757000
World,OWID_WRL,1989,22200214000
World,OWID_WRL,1990,22732145000
World,OWID_WRL,1991,23205591000
World,OWID_WRL,1992,22520424000
World,OWID_WRL,1993,22749872000
World,OWID_WRL,1994,22974597000
World,OWID_WRL,1995,23516640000
World,OWID_WRL,1996,24233476000
World,OWID_WRL,1997,24380322000
World,OWID_WRL,1998,24295713000
World,OWID_WRL,1999,24837771000
World,OWID_WRL,2000,25511483000
World,OWID_WRL,2001,25692994000
World,OWID_WRL,2002,26265332000
World,OWID_WRL,2003,27652692000
World,OWID_WRL,2004,28610023000
World,OWID_WRL,2005,29598951000
World,OWID_WRL,2006,30594152000
World,OWID_WRL,2007,31499256000
World,OWID_WRL,2008,32049660000
World,OWID_WRL,2009,31513014000
World,OWID_WRL,2010,33317670000
World,OWID_WRL,2011,34479990000
World,OWID_WRL,2012,34954736000
World,OWID_WRL,2013,35275820000
World,OWID_WRL,2014,35465695000
World,OWID_WRL,2015,35403526000
World,OWID_WRL,2016,35392830000
World,OWID_WRL,2017,35974610000
World,OWID_WRL,2018,36734005000
World,OWID_WRL,2019,37086570000
World,OWID_WRL,2020,35158230000
World,OWID_WRL,2021,36866863000
World,OWID_WRL,2022,37527773000
World,OWID_WRL,2023,38094040000
World,OWID_WRL,2024,38598580000